"","inflection","id","real","values","rounded","imagine"
"1",14.2073878245006-0i,"22",14.2073878245006,"    14.2073878",14.21,0
"2",31.6947195045579+0i,"22",31.6947195045579,"    31.6947195",31.69,0
"3",50.0297245529512-0.0000000000259i,"22",50.0297245529512,"    50.0297246",50.03,0
"4",88.4971119202159+0.0000000024438i,"22",88.4971119202159,"    88.4971119",88.5,0
"5",87.12941897955+5.5470101233137i,"22",87.12941897955,"    87.1294190",87.13,5.55
"6",87.1294189801007-5.5470101256945i,"22",87.1294189801007,"    87.1294190",87.13,-5.55
"7",17.5411373397436+0.0000000000001i,"65",17.5411373397436,"    17.5411373",17.54,0
"8",31.0232941829354-0.0000000000004i,"65",31.0232941829354,"    31.0232942",31.02,0
"9",48.1943542416052-0.0000000000229i,"65",48.1943542416052,"    48.1943542",48.19,0
"10",75.3036598979989+0.0000000001224i,"65",75.3036598979989,"    75.3036599",75.3,0
"11",102.391433586841-0.000000000407i,"65",102.391433586841,"   102.3914336",102.39,0
"12",12.4955087359901+0i,"136",12.4955087359901,"    12.4955087",12.5,0
"13",29.2513965319551-0.0000000000002i,"136",29.2513965319551,"    29.2513965",29.25,0
"14",51.6124502077012+0.0000000000014i,"136",51.6124502077012,"    51.6124502",51.61,0
"15",72.4003963455323-0.0000000000024i,"136",72.4003963455323,"    72.4003963",72.4,0
"16",92.4283859700004+0.000000000001i,"136",92.4283859700004,"    92.4283860",92.43,0
"17",107.16505800245+0.000000000001i,"136",107.16505800245,"   107.1650580",107.17,0
"18",24.7479808836884+0i,"168",24.7479808836884,"    24.7479809",24.75,0
"19",43.8092260601323-0.0000000000002i,"168",43.8092260601323,"    43.8092261",43.81,0
"20",70.0898610061436+0.0000000000004i,"168",70.0898610061436,"    70.0898610",70.09,0
"21",87.2837508004795-0.0000000000107i,"168",87.2837508004795,"    87.2837508",87.28,0
"22",104.176363081221+0.000000000018i,"168",104.176363081221,"   104.1763631",104.18,0
"23",12.2140360899025+0i,"239",12.2140360899025,"    12.2140361",12.21,0
"24",21.4410398462741+0.0000000000005i,"239",21.4410398462741,"    21.4410398",21.44,0
"25",36.9238888940023-0.0000000000021i,"239",36.9238888940023,"    36.9238889",36.92,0
"26",56.4092651928151+0.000000000004i,"239",56.4092651928151,"    56.4092652",56.41,0
"27",79.6943746932995-0.0000000000044i,"239",79.6943746932995,"    79.6943747",79.69,0
"28",100.920101248628+0.000000000002i,"239",100.920101248628,"   100.9201012",100.92,0
"29",12.0630538386347-0i,"250",12.0630538386347,"    12.0630538",12.06,0
"30",28.9879310026377+0i,"250",28.9879310026377,"    28.9879310",28.99,0
"31",46.4526859478932-0i,"250",46.4526859478932,"    46.4526859",46.45,0
"32",70.0126093650678+0i,"250",70.0126093650678,"    70.0126094",70.01,0
"33",96.4877710096489-0.0000000000051i,"250",96.4877710096489,"    96.4877710",96.49,0
"34",111.769332855266+0.000000000012i,"250",111.769332855266,"   111.7693329",111.77,0
"35",12.423929120489-0i,"258",12.423929120489,"    12.4239291",12.42,0
"36",24.885818642672+0.000000000007i,"258",24.8858186426719,"    24.8858186",24.89,0
"37",41.1064088885971-0.0000000000212i,"258",41.1064088885971,"    41.1064089",41.11,0
"38",64.8363109224486+0.0000000000316i,"258",64.8363109224486,"    64.8363109",64.84,0
"39",91.3718095394228-0.0000000000378i,"258",91.3718095394228,"    91.3718095",91.37,0
"40",108.537923317043+0.000000000029i,"258",108.537923317043,"   108.5379233",108.54,0
"41",16.0014243340025-0i,"294",16.0014243340025,"    16.0014243",16,0
"42",36.693704044933+0i,"294",36.693704044933,"    36.6937040",36.69,0
"43",48.5248032249398-0i,"294",48.5248032249398,"    48.5248032",48.52,0
"44",71.5299577488856+0i,"294",71.5299577488856,"    71.5299577",71.53,0
"45",106.546039336274-0.000000004224i,"294",106.546039336274,"   106.5460393",106.55,0
"46",103.509811083745+0.000000003617i,"294",103.509811083745,"   103.5098111",103.51,0
"47",19.6456034215018+0.0000000000001i,"311",19.6456034215018,"    19.6456034",19.65,0
"48",34.9790460354814-0.0000000000004i,"311",34.9790460354814,"    34.9790460",34.98,0
"49",52.1377715230891+0.0000000000007i,"311",52.1377715230891,"    52.1377715",52.14,0
"50",75.8497926125538+0.0000000000096i,"311",75.8497926125538,"    75.8497926",75.85,0
"51",105.4660318458+0.000000000067i,"311",105.4660318458,"   105.4660318",105.47,0
"52",96.8561784750658-0.0000000000637i,"311",96.8561784750658,"    96.8561785",96.86,0
"53",14.4293683570355-0i,"322",14.4293683570355,"    14.4293684",14.43,0
"54",36.3651946859945+2.9165331427279i,"322",36.3651946859945,"    36.3651947",36.37,2.92
"55",36.3651946859945-2.9165331427279i,"322",36.3651946859945,"    36.3651947",36.37,-2.92
"56",66.7092107307698+0i,"322",66.7092107307698,"    66.7092107",66.71,0
"57",99.7812732531186-3.3036772704803i,"322",99.7812732531186,"    99.7812733",99.78,-3.3
"58",99.7812732531189+3.3036772704803i,"322",99.7812732531189,"    99.7812733",99.78,3.3
"59",10.5711909903719-0i,"10",10.5711909903719,"    10.5711910",10.57,0
"60",24.4046890463601+0i,"10",24.4046890463601,"    24.4046890",24.4,0
"61",38.5263074005504-0i,"10",38.5263074005504,"    38.5263074",38.53,0
"62",60.6580485962895+0i,"10",60.6580485962895,"    60.6580486",60.66,0
"63",88.5852760272658+0.8638899646491i,"10",88.5852760272658,"    88.5852760",88.59,0.86
"64",88.5852760272619-0.8638899646498i,"10",88.5852760272619,"    88.5852760",88.59,-0.86
"65",11.6336320846218-0i,"14",11.6336320846218,"    11.6336321",11.63,0
"66",27.0146755352145+0i,"14",27.0146755352145,"    27.0146755",27.01,0
"67",42.249329251531-0i,"14",42.249329251531,"    42.2493293",42.25,0
"68",62.0875587189323+0i,"14",62.0875587189323,"    62.0875587",62.09,0
"69",83.6711847053567-0i,"14",83.6711847053567,"    83.6711847",83.67,0
"70",100.613065357967-0.000000000653i,"14",100.613065357967,"   100.6130654",100.61,0
"71",13.4628216649028-0i,"29",13.4628216649028,"    13.4628217",13.46,0
"72",27.0982157735065+0.0000000000008i,"29",27.0982157735065,"    27.0982158",27.1,0
"73",44.8245301597457-0.0000000000024i,"29",44.8245301597457,"    44.8245302",44.82,0
"74",68.6536321696911+0.0000000000042i,"29",68.6536321696911,"    68.6536322",68.65,0
"75",90.8384640876302-0.0000000000055i,"29",90.8384640876302,"    90.8384641",90.84,0
"76",105.201838352975+0.000000000004i,"29",105.201838352975,"   105.2018384",105.2,0
"77",12.6228722589528+0i,"87",12.6228722589528,"    12.6228723",12.62,0
"78",26.1016392562905-0.0000000000006i,"87",26.1016392562905,"    26.1016393",26.1,0
"79",44.7277418272008+0.0000000000011i,"87",44.7277418272008,"    44.7277418",44.73,0
"80",73.4027548562442+0.0000000000017i,"87",73.4027548562442,"    73.4027549",73.4,0
"81",101.762575358336+3.9132934529i,"87",101.762575358336,"   101.7625754",101.76,3.91
"82",101.762575358303-3.913293452899i,"87",101.762575358303,"   101.7625754",101.76,-3.91
"83",11.6513740284975-0i,"121",11.6513740284975,"    11.6513740",11.65,0
"84",26.2130592406753+0i,"121",26.2130592406753,"    26.2130592",26.21,0
"85",39.644691673822-0i,"121",39.644691673822,"    39.6446917",39.64,0
"86",59.905435953131+0i,"121",59.905435953131,"    59.9054360",59.91,0
"87",80.8508062582759-0i,"121",80.8508062582759,"    80.8508063",80.85,0
"88",95.9647641951113+0i,"121",95.9647641951113,"    95.9647642",95.96,0
"89",10.4455119964594-0i,"143",10.4455119964594,"    10.4455120",10.45,0
"90",24.8906675684794+0.000000000001i,"143",24.8906675684794,"    24.8906676",24.89,0
"91",42.3044165861164-0.0000000000044i,"143",42.3044165861164,"    42.3044166",42.3,0
"92",67.3539286337574+0.0000000000118i,"143",67.3539286337574,"    67.3539286",67.35,0
"93",97.0220425171874-14.0478996560728i,"143",97.0220425171874,"    97.0220425",97.02,-14.05
"94",97.0220425172116+14.0478996560782i,"143",97.0220425172116,"    97.0220425",97.02,14.05
"95",20.9227735467094+0i,"166",20.9227735467094,"    20.9227735",20.92,0
"96",37.4244841218277-0.0000000000005i,"166",37.4244841218277,"    37.4244841",37.42,0
"97",67.2432373289939+0.0000000002806i,"166",67.2432373289939,"    67.2432373",67.24,0
"98",75.0943589812015+13.6689679182795i,"166",75.0943589812015,"    75.0943590",75.09,13.67
"99",75.0943589807937-13.6689679184146i,"166",75.0943589807937,"    75.0943590",75.09,-13.67
"100",109.522475821217-0.000000000281i,"166",109.522475821217,"   109.5224758",109.52,0
"101",10.2483887211777-0i,"231",10.2483887211777,"    10.2483887",10.25,0
"102",22.1232652452984+0.0000000000042i,"231",22.1232652452984,"    22.1232652",22.12,0
"103",36.5267336200493-0.0000000000238i,"231",36.5267336200493,"    36.5267336",36.53,0
"104",63.7089125734413+0.0000000002831i,"231",63.7089125734413,"    63.7089126",63.71,0
"105",70.3986885438187-0.0000000003579i,"231",70.3986885438187,"    70.3986885",70.4,0
"106",91.0074183463678+0.0000000001252i,"231",91.0074183463678,"    91.0074183",91.01,0
"107",11.6393225369196-0i,"271",11.6393225369196,"    11.6393225",11.64,0
"108",25.4986136305108+0.0000000000014i,"271",25.4986136305108,"    25.4986136",25.5,0
"109",43.2854627752765-0.0000000000063i,"271",43.2854627752765,"    43.2854628",43.29,0
"110",64.8689937733307+0.0000000000134i,"271",64.8689937733307,"    64.8689938",64.87,0
"111",95.9270887809891+6.211810470194i,"271",95.9270887809891,"    95.9270888",95.93,6.21
"112",95.927088780942-6.2118104701972i,"271",95.927088780942,"    95.9270888",95.93,-6.21
"113",10.7011722645398-0i,"300",10.7011722645398,"    10.7011723",10.7,0
"114",25.0830189936856+0.0000000000009i,"300",25.0830189936856,"    25.0830190",25.08,0
"115",42.9235564787791-0.0000000000041i,"300",42.9235564787791,"    42.9235565",42.92,0
"116",64.6875836277251+0.000000000009i,"300",64.6875836277251,"    64.6875836",64.69,0
"117",85.0597348762055+0.0000000001591i,"300",85.0597348762055,"    85.0597349",85.06,0
"118",102.955728419263-0.000000000476i,"300",102.955728419263,"   102.9557284",102.96,0
"119",19.5610177766196+0i,"5",19.5610177766196,"    19.5610178",19.56,0
"120",44.5424223141663-4.6068894211645i,"5",44.5424223141663,"    44.5424223",44.54,-4.61
"121",44.5424223141714+4.6068894211537i,"5",44.5424223141714,"    44.5424223",44.54,4.61
"122",70.5981198468733+0.0000000000505i,"5",70.5981198468733,"    70.5981198",70.6,0
"123",106.960037767276+1.771525168545i,"5",106.960037767276,"   106.9600378",106.96,1.77
"124",106.960037766252-1.771525168472i,"5",106.960037766252,"   106.9600378",106.96,-1.77
"125",10.733932763954+0i,"37",10.733932763954,"    10.7339328",10.73,0
"126",18.8564217007477-0i,"37",18.8564217007477,"    18.8564217",18.86,0
"127",40.5826798011588-4.1677826074817i,"37",40.5826798011588,"    40.5826798",40.58,-4.17
"128",40.5826798011588+4.1677826074817i,"37",40.5826798011588,"    40.5826798",40.58,4.17
"129",71.3547996790882+0.0000000000004i,"37",71.3547996790882,"    71.3547997",71.35,0
"130",103.417386291248+4.691833969582i,"37",103.417386291248,"   103.4173863",103.42,4.69
"131",103.417386291238-4.69183396958i,"37",103.417386291238,"   103.4173863",103.42,-4.69
"132",12.6160420133425+5.8536521297693i,"51",12.6160420133425,"    12.6160420",12.62,5.85
"133",12.6160420133424-5.8536521297692i,"51",12.6160420133424,"    12.6160420",12.62,-5.85
"134",39.478697972342-5.5097190464037i,"51",39.478697972342,"    39.4786980",39.48,-5.51
"135",39.4786979723431+5.5097190464074i,"51",39.4786979723431,"    39.4786980",39.48,5.51
"136",64.3437610583865-0.0000000000166i,"51",64.3437610583865,"    64.3437611",64.34,0
"137",86.8464619828191+0.0000000000339i,"51",86.8464619828191,"    86.8464620",86.85,0
"138",101.107219112025-0.000000000025i,"51",101.107219112025,"   101.1072191",101.11,0
"139",17.6962590827506-0i,"109",17.6962590827506,"    17.6962591",17.7,0
"140",34.2128858410329-0i,"109",34.2128858410329,"    34.2128858",34.21,0
"141",62.7548899059094+0.0000000000002i,"109",62.7548899059094,"    62.7548899",62.75,0
"142",95.6867065501123+1.6773423481722i,"109",95.6867065501123,"    95.6867066",95.69,1.68
"143",95.6867065501087-1.6773423481723i,"109",95.6867065501087,"    95.6867066",95.69,-1.68
"144",13.1400982049305-0i,"131",13.1400982049305,"    13.1400982",13.14,0
"145",26.2086279214919+0i,"131",26.2086279214919,"    26.2086279",26.21,0
"146",16.5105718280229-22.3530329622052i,"131",16.5105718280229,"    16.5105718",16.51,-22.35
"147",16.5105718280229+22.3530329622051i,"131",16.5105718280229,"    16.5105718",16.51,22.35
"148",55.0969314630135-0.0000000000001i,"131",55.0969314630135,"    55.0969315",55.1,0
"149",85.8355159657894-0.0000000003109i,"131",85.8355159657894,"    85.8355160",85.84,0
"150",106.709706696628+0.00000000067i,"131",106.709706696628,"   106.7097067",106.71,0
"151",26.3503409004399+0.0000000000002i,"154",26.3503409004399,"    26.3503409",26.35,0
"152",30.8512450942124-0.0000000000006i,"154",30.8512450942124,"    30.8512451",30.85,0
"153",54.6442825189989+0.0000000000023i,"154",54.6442825189989,"    54.6442825",54.64,0
"154",69.6487979482087-0.000000000003i,"154",69.6487979482087,"    69.6487979",69.65,0
"155",98.7365153093114+0.0000000000002i,"154",98.7365153093114,"    98.7365153",98.74,0
"156",14.721590645983+0i,"194",14.721590645983,"    14.7215906",14.72,0
"157",37.28181011437-0i,"194",37.2818101143701,"    37.2818101",37.28,0
"158",49.8943956989502+0i,"194",49.8943956989502,"    49.8943957",49.89,0
"159",67.5142974264774-0i,"194",67.5142974264774,"    67.5142974",67.51,0
"160",105.420621310619+0i,"194",105.420621310619,"   105.4206213",105.42,0
"161",94.9387419953518-0i,"194",94.9387419953518,"    94.9387420",94.94,0
"162",13.430161665618+1.6375727086662i,"213",13.430161665618,"    13.4301617",13.43,1.64
"163",13.430161665618-1.6375727086662i,"213",13.430161665618,"    13.4301617",13.43,-1.64
"164",48.7886367003158+0.0000000000012i,"213",48.7886367003158,"    48.7886367",48.79,0
"165",44.2741573158556-0.0000000000007i,"213",44.2741573158556,"    44.2741573",44.27,0
"166",64.0145951049188-0.000000000001i,"213",64.0145951049188,"    64.0145951",64.01,0
"167",83.799186924016+0.0000000000009i,"213",83.799186924016,"    83.7991869",83.8,0
"168",101.821916873104-0i,"213",101.821916873104,"   101.8219169",101.82,0
"169",20.8742804478572+0i,"245",20.8742804478572,"    20.8742804",20.87,0
"170",38.2588415916211-0.0000000000001i,"245",38.2588415916211,"    38.2588416",38.26,0
"171",64.5408538656772+0.0000000000005i,"245",64.5408538656772,"    64.5408539",64.54,0
"172",89.9920088575867-0.000000000001i,"245",89.9920088575867,"    89.9920089",89.99,0
"173",106.771565531557+0.000000000001i,"245",106.771565531557,"   106.7715655",106.77,0
"174",15.4756114105319+8.0115684463784i,"337",15.4756114105319,"    15.4756114",15.48,8.01
"175",15.4756114105319-8.0115684463784i,"337",15.4756114105319,"    15.4756114",15.48,-8.01
"176",34.2812964270874-2.7364875757621i,"337",34.2812964270874,"    34.2812964",34.28,-2.74
"177",34.2812964270863+2.7364875757617i,"337",34.2812964270863,"    34.2812964",34.28,2.74
"178",67.4492696657664+0.0000000000027i,"337",67.4492696657664,"    67.4492697",67.45,0
"179",84.8820530241899-0.0000000000056i,"337",84.8820530241899,"    84.8820530",84.88,0
"180",104.474638584533+0.000000000032i,"337",104.474638584533,"   104.4746386",104.47,0
"181",21.2350254377601+0i,"3",21.2350254377601,"    21.2350254",21.24,0
"182",39.3584263544189-0.0000000000077i,"3",39.3584263544189,"    39.3584264",39.36,0
"183",65.8516816661121+0.0000000000326i,"3",65.8516816661121,"    65.8516817",65.85,0
"184",93.7456270058372-0.0000000000748i,"3",93.7456270058372,"    93.7456270",93.75,0
"185",110.115626770391+0.00000000007i,"3",110.115626770391,"   110.1156268",110.12,0
"186",15.3782448590046+7.5155278159971i,"24",15.3782448590046,"    15.3782449",15.38,7.52
"187",15.3782448590047-7.5155278159971i,"24",15.3782448590047,"    15.3782449",15.38,-7.52
"188",35.0661936121906-9.7504644170894i,"24",35.0661936121906,"    35.0661936",35.07,-9.75
"189",35.0661936121905+9.7504644170895i,"24",35.0661936121905,"    35.0661936",35.07,9.75
"190",71.2141313690026+0.0000000000002i,"24",71.2141313690026,"    71.2141314",71.21,0
"191",111.337086809216+6.084145669429i,"24",111.337086809216,"   111.3370868",111.34,6.08
"192",111.337086806416-6.084145668501i,"24",111.337086806416,"   111.3370868",111.34,-6.08
"193",19.972804132848+0i,"25",19.972804132848,"    19.9728041",19.97,0
"194",36.2735306559091+0.0000000000177i,"25",36.2735306559091,"    36.2735307",36.27,0
"195",76.0498197837913-0.0000000000466i,"25",76.0498197837913,"    76.0498198",76.05,0
"196",106.790154215936-18.934084325179i,"25",106.790154215936,"   106.7901542",106.79,-18.93
"197",106.790154215898+18.934084325201i,"25",106.790154215898,"   106.7901542",106.79,18.93
"198",12.2105250319431+5.7268238042103i,"32",12.2105250319431,"    12.2105250",12.21,5.73
"199",12.2105250319422-5.7268238042097i,"32",12.2105250319422,"    12.2105250",12.21,-5.73
"200",54.5448985980762-0.0000000000793i,"32",54.5448985980762,"    54.5448986",54.54,0
"201",50.411165208637-11.1350136406138i,"32",50.411165208637,"    50.4111652",50.41,-11.14
"202",50.4111652086271+11.1350136406761i,"32",50.4111652086271,"    50.4111652",50.41,11.14
"203",102.7342358646-0.000000000064i,"32",102.7342358646,"   102.7342359",102.73,0
"204",96.1495231480444+0.0000000000766i,"32",96.1495231480444,"    96.1495231",96.15,0
"205",19.1569435463384+0.0000000000014i,"159",19.1569435463384,"    19.1569435",19.16,0
"206",14.9639711251409+17.5848044382374i,"159",14.9639711251409,"    14.9639711",14.96,17.58
"207",14.9639711251403-17.5848044382379i,"159",14.9639711251403,"    14.9639711",14.96,-17.58
"208",38.8108417455702-0.0000000000012i,"159",38.8108417455702,"    38.8108417",38.81,0
"209",64.3083637972659+0.0000000000015i,"159",64.3083637972659,"    64.3083638",64.31,0
"210",92.1845876308763-0.0000000000041i,"159",92.1845876308763,"    92.1845876",92.18,0
"211",108.908279852159+0.000000000004i,"159",108.908279852159,"   108.9082799",108.91,0
"212",31.0465097037471-3.9705848636522i,"244",31.0465097037471,"    31.0465097",31.05,-3.97
"213",31.0465097037476+3.9705848636522i,"244",31.0465097037476,"    31.0465097",31.05,3.97
"214",67.6018821623605-0.0000000000005i,"244",67.6018821623605,"    67.6018822",67.6,0
"215",99.6173834327357+0.0000000000019i,"244",99.6173834327357,"    99.6173834",99.62,0
"216",112.511127917581-0.000000000002i,"244",112.511127917581,"   112.5111279",112.51,0
"217",11.4215161055134+10.3181798020966i,"253",11.4215161055134,"    11.4215161",11.42,10.32
"218",11.4215161055134-10.3181798020966i,"253",11.4215161055134,"    11.4215161",11.42,-10.32
"219",32.3037516068034-6.6095573835802i,"253",32.3037516068034,"    32.3037516",32.3,-6.61
"220",32.3037516068033+6.6095573835802i,"253",32.3037516068033,"    32.3037516",32.3,6.61
"221",64.9283829985207-0i,"253",64.9283829985207,"    64.9283830",64.93,0
"222",95.747008692783+0.0000000000003i,"253",95.747008692783,"    95.7470087",95.75,0
"223",111.488532066025-0i,"253",111.488532066025,"   111.4885321",111.49,0
"224",35.8314157535631+0.0000000000002i,"257",35.8314157535631,"    35.8314158",35.83,0
"225",41.2601905049389-0.0000000000005i,"257",41.2601905049389,"    41.2601905",41.26,0
"226",69.138424289872+0.0000000000011i,"257",69.138424289872,"    69.1384243",69.14,0
"227",110.066545861882+0.000000000004i,"257",110.066545861882,"   110.0665459",110.07,0
"228",100.131448701622-0.000000000004i,"257",100.131448701622,"   100.1314487",100.13,0
"229",21.5140897439056+0.0000000000001i,"290",21.5140897439056,"    21.5140897",21.51,0
"230",38.3469645949444-0.0000000000003i,"290",38.3469645949444,"    38.3469646",38.35,0
"231",60.9205249566534+0.0000000000008i,"290",60.9205249566534,"    60.9205250",60.92,0
"232",93.9667233261329+0.0000000000092i,"290",93.9667233261329,"    93.9667233",93.97,0
"233",89.4464765568417-0.0000000000078i,"290",89.4464765568417,"    89.4464766",89.45,0
"234",105.419629109695-0.000000000002i,"290",105.419629109695,"   105.4196291",105.42,0
"235",29.0528780616609-0.0000000000082i,"324",29.0528780616609,"    29.0528781",29.05,0
"236",35.0462550745083+0.0000000000129i,"324",35.0462550745083,"    35.0462551",35.05,0
"237",63.0094560583657-0.0000000000133i,"324",63.0094560583657,"    63.0094561",63.01,0
"238",82.9546832161085+0.000000000017i,"324",82.9546832161085,"    82.9546832",82.95,0
"239",102.691488916813-0.000000000013i,"324",102.691488916813,"   102.6914889",102.69,0
"240",12.2296942967603-0i,"30",12.2296942967603,"    12.2296943",12.23,0
"241",29.296869771938-0i,"30",29.296869771938,"    29.2968698",29.3,0
"242",40.5774791717528-0.0000000000009i,"30",40.5774791717528,"    40.5774792",40.58,0
"243",70.2635628245478+0.0000000000065i,"30",70.2635628245478,"    70.2635628",70.26,0
"244",104.052532333401+10.37064754325i,"30",104.052532333401,"   104.0525323",104.05,10.37
"245",104.052532333359-10.370647543239i,"30",104.052532333359,"   104.0525323",104.05,-10.37
"246",19.7982079541413+0i,"66",19.7982079541413,"    19.7982080",19.8,0
"247",46.0484563182775+0.0680789866886i,"66",46.0484563182775,"    46.0484563",46.05,0.07
"248",46.0484563182783-0.0680789866886i,"66",46.0484563182783,"    46.0484563",46.05,-0.07
"249",80.5445715489466+0.0000000000001i,"66",80.5445715489466,"    80.5445715",80.54,0
"250",11.5495063998924+3.500197531412i,"165",11.5495063998924,"    11.5495064",11.55,3.5
"251",11.5495063998926-3.500197531412i,"165",11.5495063998926,"    11.5495064",11.55,-3.5
"252",45.9390198578938-11.5739002022727i,"165",45.9390198578938,"    45.9390199",45.94,-11.57
"253",45.9390198578933+11.5739002022728i,"165",45.9390198578933,"    45.9390199",45.94,11.57
"254",74.6807441671915+0.0000000000965i,"165",74.6807441671915,"    74.6807442",74.68,0
"255",90.6560011951923-0.0000000002608i,"165",90.6560011951923,"    90.6560012",90.66,0
"256",113.751255713483+0.000000000281i,"165",113.751255713483,"   113.7512557",113.75,0
"257",15.8952835163972+3.1277258924883i,"218",15.8952835163972,"    15.8952835",15.9,3.13
"258",15.8952835164025-3.12772589249i,"218",15.8952835164025,"    15.8952835",15.9,-3.13
"259",47.0168627909049-9.7818134444094i,"218",47.0168627909049,"    47.0168628",47.02,-9.78
"260",47.0168627908959+9.781813444408i,"218",47.0168627908959,"    47.0168628",47.02,9.78
"261",80.6021805551922+0.0000000000103i,"218",80.6021805551922,"    80.6021806",80.6,0
"262",108.738734103575+7.339728822079i,"218",108.738734103575,"   108.7387341",108.74,7.34
"263",108.738734103547-7.339728822084i,"218",108.738734103547,"   108.7387341",108.74,-7.34
"264",37.3011566197413-10.4945065789956i,"238",37.3011566197413,"    37.3011566",37.3,-10.49
"265",37.3011566197413+10.4945065789956i,"238",37.3011566197413,"    37.3011566",37.3,10.49
"266",73.3998959018224+0.0000000000001i,"238",73.3998959018224,"    73.3998959",73.4,0
"267",98.5363121033721+0.0000000000001i,"238",98.5363121033721,"    98.5363121",98.54,0
"268",114.019267200368+0.000000000022i,"238",114.019267200368,"   114.0192672",114.02,0
"269",25.005353581727-0i,"267",25.005353581727,"    25.0053536",25.01,0
"270",39.7954675024733-0i,"267",39.7954675024733,"    39.7954675",39.8,0
"271",71.3649246085994+0i,"267",71.3649246085994,"    71.3649246",71.36,0
"272",93.5385222711694-0i,"267",93.5385222711694,"    93.5385223",93.54,0
"273",114.747031503071+0.000000000284i,"267",114.747031503071,"   114.7470315",114.75,0
"274",26.5392594764127-0.0000000000034i,"287",26.5392594764127,"    26.5392595",26.54,0
"275",44.132262825578+0.0000000000101i,"287",44.132262825578,"    44.1322628",44.13,0
"276",73.2100389464214-0.0000000000176i,"287",73.2100389464214,"    73.2100389",73.21,0
"277",100.893358031599+0.000000000024i,"287",100.893358031599,"   100.8933580",100.89,0
"278",32.0101121381498+0i,"288",32.0101121381498,"    32.0101121",32.01,0
"279",37.3218927496203-0i,"288",37.3218927496203,"    37.3218927",37.32,0
"280",71.8580042306121+0.0000000000001i,"288",71.8580042306121,"    71.8580042",71.86,0
"281",91.9325120262357-0.0000000000002i,"288",91.9325120262357,"    91.9325120",91.93,0
"282",111.79592874072+0.000000000007i,"288",111.79592874072,"   111.7959287",111.8,0
"283",26.7683375171998-0i,"298",26.7683375171998,"    26.7683375",26.77,0
"284",41.3672119470835-0i,"298",41.3672119470835,"    41.3672119",41.37,0
"285",70.6399536595154+0.0000000000002i,"298",70.6399536595154,"    70.6399537",70.64,0
"286",98.1251200864333-0.0000000000005i,"298",98.1251200864333,"    98.1251201",98.13,0
"287",19.5186608269641+0.0000000000018i,"43",19.5186608269641,"    19.5186608",19.52,0
"288",32.843465344029-0.0000000000075i,"43",32.843465344029,"    32.8434653",32.84,0
"289",49.2454464480461+0.0000000000143i,"43",49.2454464480461,"    49.2454464",49.25,0
"290",65.6345493595787-0.0000000000127i,"43",65.6345493595787,"    65.6345494",65.63,0
"291",95.0313510011024+0.0000000000083i,"43",95.0313510011024,"    95.0313510",95.03,0
"292",114.391764123143-7.266007774783i,"43",114.391764123143,"   114.3917641",114.39,-7.27
"293",114.391764123147+7.266007774779i,"43",114.391764123147,"   114.3917641",114.39,7.27
"294",25.6198819636722-0i,"175",25.6198819636722,"    25.6198820",25.62,0
"295",39.9358156781975-0.000000000003i,"175",39.9358156781975,"    39.9358157",39.94,0
"296",63.8304161114785+0.0000000000136i,"175",63.8304161114785,"    63.8304161",63.83,0
"297",87.9209144100108-0.0000000000277i,"175",87.9209144100108,"    87.9209144",87.92,0
"298",105.960469854961+0.000000000026i,"175",105.960469854961,"   105.9604699",105.96,0
"299",18.1462620057349-0i,"216",18.1462620057349,"    18.1462620",18.15,0
"300",25.9313946940405+0i,"216",25.9313946940405,"    25.9313947",25.93,0
"301",57.3307208764724-0.0000000000016i,"216",57.3307208764724,"    57.3307209",57.33,0
"302",91.2267478868899+0.0000000000074i,"216",91.2267478868899,"    91.2267479",91.23,0
"303",107.815725447802-0.000000000127i,"216",107.815725447802,"   107.8157254",107.82,0
"304",100.365008650293-58.039299330856i,"216",100.365008650293,"   100.3650087",100.37,-58.04
"305",100.365008650309+58.039299330977i,"216",100.365008650309,"   100.3650087",100.37,58.04
"306",15.0319137493495+0i,"232",15.0319137493495,"    15.0319137",15.03,0
"307",32.5124917129734-0i,"232",32.5124917129734,"    32.5124917",32.51,0
"308",44.2696727013684+0i,"232",44.2696727013684,"    44.2696727",44.27,0
"309",67.0713810388592-0i,"232",67.0713810388592,"    67.0713810",67.07,0
"310",92.1640573160514-0i,"232",92.1640573160514,"    92.1640573",92.16,0
"311",107.813427236299+0i,"232",107.813427236299,"   107.8134272",107.81,0
"312",14.7548480931075-0i,"235",14.7548480931075,"    14.7548481",14.75,0
"313",40.0072087957981+0.5168989423166i,"235",40.0072087957981,"    40.0072088",40.01,0.52
"314",40.0072087957985-0.5168989423167i,"235",40.0072087957985,"    40.0072088",40.01,-0.52
"315",68.1256840254794+0.0000000000003i,"235",68.1256840254794,"    68.1256840",68.13,0
"316",92.1629877897915-0.0000000000007i,"235",92.1629877897915,"    92.1629878",92.16,0
"317",108.342972483688+0.000000000105i,"235",108.342972483688,"   108.3429725",108.34,0
"318",27.1108604493818+2.6921184789795i,"237",27.1108604493818,"    27.1108604",27.11,2.69
"319",27.1108604493862-2.6921184789799i,"237",27.1108604493862,"    27.1108604",27.11,-2.69
"320",65.4281307709278+0.0000000000004i,"237",65.4281307709278,"    65.4281308",65.43,0
"321",73.155287159751+30.1058029957794i,"237",73.155287159751,"    73.1552872",73.16,30.11
"322",73.1552871597535-30.1058029957846i,"237",73.1552871597535,"    73.1552872",73.16,-30.11
"323",103.431630218611+0.000000000016i,"237",103.431630218611,"   103.4316302",103.43,0
"324",112.988064876402-0.00000000001i,"237",112.988064876402,"   112.9880649",112.99,0
"325",15.8262791772922+0i,"246",15.8262791772922,"    15.8262792",15.83,0
"326",44.2055497575518-5.7963804238164i,"246",44.2055497575518,"    44.2055498",44.21,-5.8
"327",44.2055497575761+5.7963804238345i,"246",44.2055497575761,"    44.2055498",44.21,5.8
"328",69.3999494708429-0.0000000000463i,"246",69.3999494708429,"    69.3999495",69.4,0
"329",98.3359534437315+0.0000000000767i,"246",98.3359534437315,"    98.3359534",98.34,0
"330",110.754251445787-0.000000000051i,"246",110.754251445787,"   110.7542514",110.75,0
"331",21.8007240930419+0i,"269",21.8007240930419,"    21.8007241",21.8,0
"332",33.8756998550105-0i,"269",33.8756998550105,"    33.8756999",33.88,0
"333",49.0053680129314+0i,"269",49.0053680129314,"    49.0053680",49.01,0
"334",69.675932113503+0i,"269",69.675932113503,"    69.6759321",69.68,0
"335",99.0184717768039+3.6297849766722i,"269",99.0184717768039,"    99.0184718",99.02,3.63
"336",99.0184717768037-3.6297849766721i,"269",99.0184717768037,"    99.0184718",99.02,-3.63
"337",16.3344992194042-0i,"274",16.3344992194042,"    16.3344992",16.33,0
"338",36.9441958605466+0.0000000000001i,"274",36.9441958605466,"    36.9441959",36.94,0
"339",46.7324782069259-0.0000000000001i,"274",46.7324782069259,"    46.7324782",46.73,0
"340",68.790126212364+0.0000000000001i,"274",68.790126212364,"    68.7901262",68.79,0
"341",90.4016442356018-0.0000000000001i,"274",90.4016442356018,"    90.4016442",90.4,0
"342",107.397388347291+0i,"274",107.397388347291,"   107.3973883",107.4,0
"343",15.0169605891281+0i,"36",15.0169605891281,"    15.0169606",15.02,0
"344",42.2419491033422-0i,"36",42.2419491033422,"    42.2419491",42.24,0
"345",48.4917530623085+0i,"36",48.4917530623085,"    48.4917531",48.49,0
"346",69.956067185614+0.0000000000024i,"36",69.956067185614,"    69.9560672",69.96,0
"347",87.6612412373665-0.0000000000071i,"36",87.6612412373665,"    87.6612412",87.66,0
"348",105.770750604382+0.000000000227i,"36",105.770750604382,"   105.7707506",105.77,0
"349",23.6677856610885+0i,"54",23.6677856610885,"    23.6677857",23.67,0
"350",35.1859648474418-0i,"54",35.1859648474418,"    35.1859648",35.19,0
"351",66.4626223439875+0i,"54",66.4626223439875,"    66.4626223",66.46,0
"352",97.8205132024137-0i,"54",97.8205132024137,"    97.8205132",97.82,0
"353",110.006385172241+0i,"54",110.006385172241,"   110.0063852",110.01,0
"354",10.8996165929405-0i,"80",10.8996165929405,"    10.8996166",10.9,0
"355",21.924063651802-0i,"80",21.924063651802,"    21.9240637",21.92,0
"356",41.3444202346252-7.7982286986607i,"80",41.3444202346252,"    41.3444202",41.34,-7.8
"357",41.3444202346253+7.7982286986607i,"80",41.3444202346253,"    41.3444202",41.34,7.8
"358",72.5438316993627+0.0000000000001i,"80",72.5438316993627,"    72.5438317",72.54,0
"359",111.268630884811+0.000000000002i,"80",111.268630884811,"   111.2686309",111.27,0
"360",105.395135704994+0i,"80",105.395135704994,"   105.3951357",105.4,0
"361",12.8814653578227+4.8880136077913i,"85",12.8814653578227,"    12.8814654",12.88,4.89
"362",12.8814653578227-4.8880136077913i,"85",12.8814653578227,"    12.8814654",12.88,-4.89
"363",39.9398318793113-10.7236275681813i,"85",39.9398318793113,"    39.9398319",39.94,-10.72
"364",39.9398318792905+10.7236275681868i,"85",39.9398318792905,"    39.9398319",39.94,10.72
"365",65.1948087274121-0.0000000000563i,"85",65.1948087274121,"    65.1948087",65.19,0
"366",110.064047661035-0.000000000296i,"85",110.064047661035,"   110.0640477",110.06,0
"367",98.7194654040289+0.0000000002751i,"85",98.7194654040289,"    98.7194654",98.72,0
"368",26.8905110400463+0i,"107",26.8905110400463,"    26.8905110",26.89,0
"369",29.3181197729065+0i,"107",29.3181197729065,"    29.3181198",29.32,0
"370",65.8042464837008-0.0000000000001i,"107",65.8042464837008,"    65.8042465",65.8,0
"371",90.8829986142768-0.0000000000026i,"107",90.8829986142768,"    90.8829986",90.88,0
"372",104.995728717191+0.000000000069i,"107",104.995728717191,"   104.9957287",105,0
"373",24.3651979173729-7.9727351412035i,"112",24.3651979173729,"    24.3651979",24.37,-7.97
"374",24.3651979173728+7.9727351412034i,"112",24.3651979173728,"    24.3651979",24.37,7.97
"375",64.2323403781902+0.0000000000001i,"112",64.2323403781902,"    64.2323404",64.23,0
"376",105.229414274642-3.440312762147i,"112",105.229414274642,"   105.2294143",105.23,-3.44
"377",105.229414274645+3.440312762147i,"112",105.229414274645,"   105.2294143",105.23,3.44
"378",21.7685674665944+0.0000000000004i,"138",21.7685674665944,"    21.7685675",21.77,0
"379",37.7728713844889-0.0000000000086i,"138",37.7728713844889,"    37.7728714",37.77,0
"380",63.0541017854874+0.0000000000343i,"138",63.0541017854874,"    63.0541018",63.05,0
"381",90.2801836934407-0.0000000000789i,"138",90.2801836934407,"    90.2801837",90.28,0
"382",106.303010708871+0.00000000007i,"138",106.303010708871,"   106.3030107",106.3,0
"383",16.0017388329645+6.4551665476852i,"270",16.0017388329645,"    16.0017388",16,6.46
"384",16.0017388329644-6.4551665476851i,"270",16.0017388329644,"    16.0017388",16,-6.46
"385",32.6828601276287-0.0000000000002i,"270",32.6828601276287,"    32.6828601",32.68,0
"386",48.5597521970931+0.0000000000003i,"270",48.5597521970931,"    48.5597522",48.56,0
"387",86.3009869490264-0.0000000000011i,"270",86.3009869490264,"    86.3009869",86.3,0
"388",104.382761966294-20.147254978167i,"270",104.382761966294,"   104.3827620",104.38,-20.15
"389",104.382761966293+20.147254978167i,"270",104.382761966293,"   104.3827620",104.38,20.15
"390",17.5405217861128+0i,"301",17.5405217861128,"    17.5405218",17.54,0
"391",38.5116344702554-0i,"301",38.5116344702554,"    38.5116345",38.51,0
"392",55.0997004013169+0i,"301",55.0997004013169,"    55.0997004",55.1,0
"393",76.601920738704-0i,"301",76.601920738704,"    76.6019207",76.6,0
"394",89.632631972551+0i,"301",89.632631972551,"    89.6326320",89.63,0
"395",106.970814429089+0.000000000316i,"301",106.970814429089,"   106.9708144",106.97,0
"396",19.2646699985641+0i,"345",19.2646699985641,"    19.2646700",19.26,0
"397",40.1956928721633-0i,"345",40.1956928721633,"    40.1956929",40.2,0
"398",54.1653389367354+0i,"345",54.1653389367354,"    54.1653389",54.17,0
"399",72.1102401267271+0.0000000000005i,"345",72.1102401267271,"    72.1102401",72.11,0
"400",92.0704289598938-0.0000000000017i,"345",92.0704289598938,"    92.0704290",92.07,0
"401",107.340844892584+0.000000000002i,"345",107.340844892584,"   107.3408449",107.34,0
"402",24.1790153954232+0i,"4",24.1790153954232,"    24.1790154",24.18,0
"403",52.3289167050836-2.8203857845403i,"4",52.3289167050836,"    52.3289167",52.33,-2.82
"404",52.328916705084+2.8203857845404i,"4",52.328916705084,"    52.3289167",52.33,2.82
"405",72.7456207065658-0.0000000000003i,"4",72.7456207065658,"    72.7456207",72.75,0
"406",112.933926071495-0.000000000234i,"4",112.933926071495,"   112.9339261",112.93,0
"407",104.078925760179+0.000000000151i,"4",104.078925760179,"   104.0789258",104.08,0
"408",23.0906865070482+0i,"7",23.0906865070482,"    23.0906865",23.09,0
"409",44.5164545095089-0.0000000000001i,"7",44.5164545095089,"    44.5164545",44.52,0
"410",52.6426581883385+0.0000000000001i,"7",52.6426581883385,"    52.6426582",52.64,0
"411",75.724914859623-0.0000000000001i,"7",75.724914859623,"    75.7249149",75.72,0
"412",114.809222173286-0i,"7",114.809222173286,"   114.8092222",114.81,0
"413",102.312957406895+0i,"7",102.312957406895,"   102.3129574",102.31,0
"414",22.5438162501085+0i,"35",22.5438162501085,"    22.5438163",22.54,0
"415",42.9909569329798-0i,"35",42.9909569329798,"    42.9909569",42.99,0
"416",60.7113848679592+0i,"35",60.7113848679592,"    60.7113849",60.71,0
"417",80.626160862513-0.0000000000001i,"35",80.626160862513,"    80.6261609",80.63,0
"418",97.2450278559974-0.0000000000143i,"35",97.2450278559974,"    97.2450279",97.25,0
"419",111.639117107571+0.000000000026i,"35",111.639117107571,"   111.6391171",111.64,0
"420",23.832189192601+0i,"146",23.832189192601,"    23.8321892",23.83,0
"421",45.9509631974358+0.0000000000003i,"146",45.9509631974358,"    45.9509632",45.95,0
"422",58.0374177666162-0.0000000000009i,"146",58.0374177666162,"    58.0374178",58.04,0
"423",77.3706090070149+0.0000000000013i,"146",77.3706090070149,"    77.3706090",77.37,0
"424",112.041936912408+0.000000000003i,"146",112.041936912408,"   112.0419369",112.04,0
"425",105.789040210215-0.000000000003i,"146",105.789040210215,"   105.7890402",105.79,0
"426",22.6249894422625+0i,"153",22.6249894422625,"    22.6249894",22.62,0
"427",44.7594675343337-3.4008356414662i,"153",44.7594675343337,"    44.7594675",44.76,-3.4
"428",44.759467534333+3.4008356414658i,"153",44.759467534333,"    44.7594675",44.76,3.4
"429",72.9625280355534+0.0000000000014i,"153",72.9625280355534,"    72.9625280",72.96,0
"430",99.9050594691922-0.0000000000618i,"153",99.9050594691922,"    99.9050595",99.91,0
"431",114.834199451975+0.000000000125i,"153",114.834199451975,"   114.8341995",114.83,0
"432",23.1221373434785+0i,"228",23.1221373434785,"    23.1221373",23.12,0
"433",43.753835949833-0i,"228",43.753835949833,"    43.7538359",43.75,0
"434",60.3457688242321+0.0000000000001i,"228",60.3457688242321,"    60.3457688",60.35,0
"435",80.4078079709155+0.0000000000001i,"228",80.4078079709155,"    80.4078080",80.41,0
"436",110.216819792813+0.000000000039i,"228",110.216819792813,"   110.2168198",110.22,0
"437",108.559259500614+0.000000000015i,"228",108.559259500614,"   108.5592595",108.56,0
"438",22.6343975066492-0i,"242",22.6343975066492,"    22.6343975",22.63,0
"439",47.4853071208591+8.2294845706444i,"242",47.4853071208591,"    47.4853071",47.49,8.23
"440",47.4853071208593-8.2294845706446i,"242",47.4853071208593,"    47.4853071",47.49,-8.23
"441",71.0107015878509+0.0000000000006i,"242",71.0107015878509,"    71.0107016",71.01,0
"442",102.870790158768-0.000000003005i,"242",102.870790158768,"   102.8707902",102.87,0
"443",23.7255060254596+0i,"264",23.7255060254596,"    23.7255060",23.73,0
"444",51.3994589148583-9.8395404931209i,"264",51.3994589148583,"    51.3994589",51.4,-9.84
"445",51.3994589148883+9.8395404931665i,"264",51.3994589148883,"    51.3994589",51.4,9.84
"446",69.939238637233-0.0000000000858i,"264",69.939238637233,"    69.9392386",69.94,0
"447",96.952210963372+0.0000000000898i,"264",96.952210963372,"    96.9522110",96.95,0
"448",111.824859350076-0.000000000062i,"264",111.824859350076,"   111.8248594",111.82,0
"449",23.595880723085+0i,"334",23.595880723085,"    23.5958807",23.6,0
"450",44.9949761829585-0i,"334",44.9949761829585,"    44.9949762",44.99,0
"451",60.0518373360651+0.0000000000001i,"334",60.0518373360651,"    60.0518373",60.05,0
"452",77.5281834105915+0.0000000000508i,"334",77.5281834105915,"    77.5281834",77.53,0
"453",96.614388025012-0.0000000002024i,"334",96.614388025012,"    96.6143880",96.61,0
"454",110.896965891954+0.000000000219i,"334",110.896965891954,"   110.8969659",110.9,0
"455",11.7314207171584+4.1749008501417i,"48",11.7314207171584,"    11.7314207",11.73,4.17
"456",11.7314207171584-4.1749008501417i,"48",11.7314207171584,"    11.7314207",11.73,-4.17
"457",37.7451558891746-0.0000000000002i,"48",37.7451558891746,"    37.7451559",37.75,0
"458",44.2353089552905-0i,"48",44.2353089552905,"    44.2353090",44.24,0
"459",74.0001365445393+0.000000000004i,"48",74.0001365445393,"    74.0001365",74,0
"460",93.4908302301197-0.0000000000114i,"48",93.4908302301197,"    93.4908302",93.49,0
"461",109.407318502478+0.000000000264i,"48",109.407318502478,"   109.4073185",109.41,0
"462",26.1207167908923+0i,"57",26.1207167908923,"    26.1207168",26.12,0
"463",40.6128549122941-0.0000000000002i,"57",40.6128549122941,"    40.6128549",40.61,0
"464",67.8203907042397+0.0000000000013i,"57",67.8203907042397,"    67.8203907",67.82,0
"465",90.4358578893158-0.0000000000024i,"57",90.4358578893158,"    90.4358579",90.44,0
"466",108.620894377188+0.00000000002i,"57",108.620894377188,"   108.6208944",108.62,0
"467",16.2064094983395+2.1784267411443i,"79",16.2064094983395,"    16.2064095",16.21,2.18
"468",16.2064094983395-2.1784267411443i,"79",16.2064094983395,"    16.2064095",16.21,-2.18
"469",32.901526346442-12.1535331938327i,"79",32.901526346442,"    32.9015263",32.9,-12.15
"470",32.9015263464419+12.1535331938327i,"79",32.9015263464419,"    32.9015263",32.9,12.15
"471",68.7439709492746-0.0000000000001i,"79",68.7439709492746,"    68.7439709",68.74,0
"472",114.265779599251-0.000000000006i,"79",114.265779599251,"   114.2657796",114.27,0
"473",106.374352461625+0.000000000004i,"79",106.374352461625,"   106.3743525",106.37,0
"474",11.2201406753273+5.7702843296072i,"145",11.2201406753273,"    11.2201407",11.22,5.77
"475",11.2201406753272-5.7702843296072i,"145",11.2201406753272,"    11.2201407",11.22,-5.77
"476",39.1017257413388-2.0209463217188i,"145",39.1017257413388,"    39.1017257",39.1,-2.02
"477",39.1017257413381+2.0209463217185i,"145",39.1017257413381,"    39.1017257",39.1,2.02
"478",73.7466231433683+0.0000000000012i,"145",73.7466231433683,"    73.7466231",73.75,0
"479",107.883896853006+7.326001192781i,"145",107.883896853006,"   107.8838969",107.88,7.33
"480",107.883896852848-7.326001192733i,"145",107.883896852848,"   107.8838969",107.88,-7.33
"481",29.3507084105871-0.0000000000009i,"158",29.3507084105871,"    29.3507084",29.35,0
"482",39.3001430070363+0.0000000000013i,"158",39.3001430070363,"    39.3001430",39.3,0
"483",68.643801991327-0.0000000000008i,"158",68.643801991327,"    68.6438020",68.64,0
"484",97.583403578707+0.0000000000007i,"158",97.583403578707,"    97.5834036",97.58,0
"485",112.964958854892-0i,"158",112.964958854892,"   112.9649589",112.96,0
"486",26.8846391929727+0.0000000000001i,"179",26.8846391929727,"    26.8846392",26.88,0
"487",38.7453092621221-0.0000000000002i,"179",38.7453092621221,"    38.7453093",38.75,0
"488",67.9353632874963+0.0000000000002i,"179",67.9353632874963,"    67.9353633",67.94,0
"489",95.015681112728-0.0000000000066i,"179",95.015681112728,"    95.0156811",95.02,0
"490",108.924182665261+0.0000000002i,"179",108.924182665261,"   108.9241827",108.92,0
"491",14.7081398240422-0i,"212",14.7081398240422,"    14.7081398",14.71,0
"492",31.6478240119895-0i,"212",31.6478240119895,"    31.6478240",31.65,0
"493",64.2929161767104+0i,"212",64.2929161767104,"    64.2929162",64.29,0
"494",11.6697015951239-0i,"248",11.6697015951239,"    11.6697016",11.67,0
"495",33.8281841507461+0i,"248",33.8281841507461,"    33.8281842",33.83,0
"496",42.7724731174222-0.0000000000005i,"248",42.7724731174222,"    42.7724731",42.77,0
"497",70.3786107239473+0.0000000000023i,"248",70.3786107239473,"    70.3786107",70.38,0
"498",99.74029915762-0.0000000000071i,"248",99.74029915762,"    99.7402992",99.74,0
"499",113.032970264342+0.000000000007i,"248",113.032970264342,"   113.0329703",113.03,0
"500",22.3372122290391+0.0000000000005i,"251",22.3372122290391,"    22.3372122",22.34,0
"501",38.5262045807538-0.0000000000019i,"251",38.5262045807538,"    38.5262046",38.53,0
"502",59.8204131379976+0.0000000000031i,"251",59.8204131379976,"    59.8204131",59.82,0
"503",87.4642607365192-0.0000000000009i,"251",87.4642607365192,"    87.4642607",87.46,0
"504",109.165995468706-0.000000000005i,"251",109.165995468706,"   109.1659955",109.17,0
"505",21.9348353707898+0i,"314",21.9348353707898,"    21.9348354",21.93,0
"506",35.3755134003844-0.0000000000012i,"314",35.3755134003844,"    35.3755134",35.38,0
"507",61.0333526755207+0.000000000006i,"314",61.0333526755207,"    61.0333527",61.03,0
"508",83.7925660828525-0.0000000000093i,"314",83.7925660828525,"    83.7925661",83.79,0
"509",104.381823538178+0.000000000004i,"314",104.381823538178,"   104.3818235",104.38,0
"510",22.0285766682157+0i,"82",22.0285766682157,"    22.0285767",22.03,0
"511",45.0960565033542-0i,"82",45.0960565033542,"    45.0960565",45.1,0
"512",71.6467996947096-6.2074160189606i,"82",71.6467996947096,"    71.6467997",71.65,-6.21
"513",71.6467996947066+6.2074160189588i,"82",71.6467996947066,"    71.6467997",71.65,6.21
"514",91.8604337075384+0.0000000000032i,"82",91.8604337075384,"    91.8604337",91.86,0
"515",111.338506415069-0.000000000002i,"82",111.338506415069,"   111.3385064",111.34,0
"516",21.9829476095846+0i,"113",21.9829476095846,"    21.9829476",21.98,0
"517",44.4652153011946-4.1130219262703i,"113",44.4652153011946,"    44.4652153",44.47,-4.11
"518",44.4652153011935+4.1130219262673i,"113",44.4652153011935,"    44.4652153",44.47,4.11
"519",72.3138616998287+0.0000000000135i,"113",72.3138616998287,"    72.3138617",72.31,0
"520",99.4875611170641-0.000000000091i,"113",99.4875611170641,"    99.4875611",99.49,0
"521",114.320456508333+0.000000000149i,"113",114.320456508333,"   114.3204565",114.32,0
"522",22.6813514539599+0i,"141",22.6813514539599,"    22.6813515",22.68,0
"523",47.7005072691629-0i,"141",47.7005072691629,"    47.7005073",47.7,0
"524",67.931183521464-6.2776411914025i,"141",67.931183521464,"    67.9311835",67.93,-6.28
"525",67.9311835214647+6.2776411914028i,"141",67.9311835214647,"    67.9311835",67.93,6.28
"526",99.3730759414816-0.0000000000011i,"141",99.3730759414816,"    99.3730759",99.37,0
"527",112.490410974528+0.000000000001i,"141",112.490410974528,"   112.4904110",112.49,0
"528",23.7996066480191+0i,"173",23.7996066480191,"    23.7996066",23.8,0
"529",47.8944191194811+0.000000000142i,"173",47.8944191194811,"    47.8944191",47.89,0
"530",88.5321781459377-0.0000000020533i,"173",88.5321781459377,"    88.5321781",88.53,0
"531",73.8741364769443+9.9868193772204i,"173",73.8741364769443,"    73.8741365",73.87,9.99
"532",73.8741364752522-9.9868193758428i,"173",73.8741364752522,"    73.8741365",73.87,-9.99
"533",109.662056087984+0.000000001136i,"173",109.662056087984,"   109.6620561",109.66,0
"534",21.8986056564044+0i,"214",21.8986056564044,"    21.8986057",21.9,0
"535",44.0411200323515+0.0000000000315i,"214",44.0411200323515,"    44.0411200",44.04,0
"536",53.9262084558869-0.0000000000762i,"214",53.9262084558869,"    53.9262085",53.93,0
"537",73.5042071970962+0.0000000000916i,"214",73.5042071970962,"    73.5042072",73.5,0
"538",98.2581838782716-0.0000000001003i,"214",98.2581838782716,"    98.2581839",98.26,0
"539",114.416841495742+0.000000000072i,"214",114.416841495742,"   114.4168415",114.42,0
"540",23.4490981249621-0i,"224",23.4490981249621,"    23.4490981",23.45,0
"541",48.4501611747959-8.7933546228046i,"224",48.4501611747959,"    48.4501612",48.45,-8.79
"542",48.4501611747972+8.793354622806i,"224",48.4501611747972,"    48.4501612",48.45,8.79
"543",70.2146042131026-0.0000000000024i,"224",70.2146042131026,"    70.2146042",70.21,0
"544",100.81137547988-0.00000000081i,"224",100.81137547988,"   100.8113755",100.81,0
"545",23.035036963543+0i,"272",23.035036963543,"    23.0350370",23.04,0
"546",49.857542332954+0.0000000000004i,"272",49.857542332954,"    49.8575423",49.86,0
"547",49.3618078701376-0.0000000000297i,"272",49.3618078701376,"    49.3618079",49.36,0
"548",77.0819216339989+0.0000000001635i,"272",77.0819216339989,"    77.0819216",77.08,0
"549",109.073214314038+0.000000002435i,"272",109.073214314038,"   109.0732143",109.07,0
"550",106.628909010399-0.000000002434i,"272",106.628909010399,"   106.6289090",106.63,0
"551",22.3359601975198+0i,"305",22.3359601975198,"    22.3359602",22.34,0
"552",43.6149983753247-0i,"305",43.6149983753247,"    43.6149984",43.61,0
"553",56.3608143602842+0i,"305",56.3608143602842,"    56.3608144",56.36,0
"554",77.8850292957236+0.0000000000017i,"305",77.8850292957236,"    77.8850293",77.89,0
"555",99.8323512200837-0.0000000000082i,"305",99.8323512200837,"    99.8323512",99.83,0
"556",112.317965985063+0.000000000009i,"305",112.317965985063,"   112.3179660",112.32,0
"557",23.6928880229366-0i,"326",23.6928880229366,"    23.6928880",23.69,0
"558",46.8104834843378-8.9870294768876i,"326",46.8104834843378,"    46.8104835",46.81,-8.99
"559",46.8104834843373+8.9870294768871i,"326",46.8104834843373,"    46.8104835",46.81,8.99
"560",66.9767870207416+0.000000000001i,"326",66.9767870207416,"    66.9767870",66.98,0
"561",94.5492597417562-0.0000000000014i,"326",94.5492597417562,"    94.5492597",94.55,0
"562",112.807233633087+0.000000000001i,"326",112.807233633087,"   112.8072336",112.81,0
"563",22.7633687088814+0i,"329",22.7633687088814,"    22.7633687",22.76,0
"564",48.09311438642-4.3505689371145i,"329",48.09311438642,"    48.0931144",48.09,-4.35
"565",48.0931143864201+4.3505689371146i,"329",48.0931143864201,"    48.0931144",48.09,4.35
"566",73.1796335704285-0.0000000000005i,"329",73.1796335704285,"    73.1796336",73.18,0
"567",98.8779539490869-0.0000000002463i,"329",98.8779539490869,"    98.8779539",98.88,0
"568",113.119487753366+0.000000000474i,"329",113.119487753366,"   113.1194878",113.12,0
"569",23.8863704811695+0.0000000000019i,"18",23.8863704811695,"    23.8863705",23.89,0
"570",40.1742327127032-0.0000000000139i,"18",40.1742327127032,"    40.1742327",40.17,0
"571",66.7497281326412+0.0000000000444i,"18",66.7497281326412,"    66.7497281",66.75,0
"572",108.888392905289+0.000000000365i,"18",108.888392905289,"   108.8883929",108.89,0
"573",103.615690760782-0.00000000036i,"18",103.615690760782,"   103.6156908",103.62,0
"574",29.2905260629475-0i,"50",29.2905260629475,"    29.2905261",29.29,0
"575",46.3512167070991-0.0000000000151i,"50",46.3512167070991,"    46.3512167",46.35,0
"576",72.7108754560452+0.0000000000739i,"50",72.7108754560452,"    72.7108755",72.71,0
"577",109.838397099993+0.00000000025i,"50",109.838397099993,"   109.8383971",109.84,0
"578",100.243863208468-0.000000000268i,"50",100.243863208468,"   100.2438632",100.24,0
"579",23.7700537065902-0i,"83",23.7700537065902,"    23.7700537",23.77,0
"580",38.3343860809222+0i,"83",38.3343860809222,"    38.3343861",38.33,0
"581",62.7066254069188-0i,"83",62.7066254069188,"    62.7066254",62.71,0
"582",91.0619639383249+0.000000000244i,"83",91.0619639383249,"    91.0619639",91.06,0
"583",111.247477396609-0.000000000508i,"83",111.247477396609,"   111.2474774",111.25,0
"584",25.6595886816942+0.0000000000041i,"201",25.6595886816942,"    25.6595887",25.66,0
"585",42.7886010284666-0.0000000000143i,"201",42.7886010284666,"    42.7886010",42.79,0
"586",65.7254754942846+0.0000000000235i,"201",65.7254754942846,"    65.7254755",65.73,0
"587",90.7681139546549-0.0000000000259i,"201",90.7681139546549,"    90.7681140",90.77,0
"588",109.14255137109+0.000000000015i,"201",109.14255137109,"   109.1425514",109.14,0
"589",22.3645044360786+0.0000000000001i,"211",22.3645044360786,"    22.3645044",22.36,0
"590",39.4136614636368-0.0000000000013i,"211",39.4136614636368,"    39.4136615",39.41,0
"591",68.1653065859883+0.0000000000043i,"211",68.1653065859883,"    68.1653066",68.17,0
"592",113.41858284506+0.000000000026i,"211",113.41858284506,"   113.4185828",113.42,0
"593",105.179923528801-0.000000000026i,"211",105.179923528801,"   105.1799235",105.18,0
"594",23.0589447597824-0i,"256",23.0589447597824,"    23.0589448",23.06,0
"595",34.3201244553872-0i,"256",34.3201244553872,"    34.3201245",34.32,0
"596",64.0726154322451-0.0000000002704i,"256",64.0726154322451,"    64.0726154",64.07,0
"597",104.956547870826+5.109640165049i,"256",104.956547870826,"   104.9565479",104.96,5.11
"598",104.956547884195-5.109640169158i,"256",104.956547884195,"   104.9565479",104.96,-5.11
"599",23.1987288374158+0i,"317",23.1987288374158,"    23.1987288",23.2,0
"600",42.5105866187106-0.0000000000178i,"317",42.5105866187106,"    42.5105866",42.51,0
"601",70.1575874357741+0.0000000000818i,"317",70.1575874357741,"    70.1575874",70.16,0
"602",104.33220725165+5.408899708441i,"317",104.33220725165,"   104.3322073",104.33,5.41
"603",104.332207251145-5.408899708467i,"317",104.332207251145,"   104.3322073",104.33,-5.41
"604",24.9751456131725+0.0000000000002i,"335",24.9751456131725,"    24.9751456",24.98,0
"605",44.0577711144686-0.0000000000006i,"335",44.0577711144686,"    44.0577711",44.06,0
"606",70.0373962304401+0.000000000001i,"335",70.0373962304401,"    70.0373962",70.04,0
"607",94.2059479204605-0.0000000000012i,"335",94.2059479204605,"    94.2059479",94.21,0
"608",111.707544378854-0.000000000023i,"335",111.707544378854,"   111.7075444",111.71,0
"609",25.7014021639585-0i,"339",25.7014021639585,"    25.7014022",25.7,0
"610",47.0929437604185-0.0000000000684i,"339",47.0929437604185,"    47.0929438",47.09,0
"611",72.1800009696271+0.000000000317i,"339",72.1800009696271,"    72.1800010",72.18,0
"612",98.7329273091819-0.0000000009448i,"339",98.7329273091819,"    98.7329273",98.73,0
"613",110.312318907812+0.000000001382i,"339",110.312318907812,"   110.3123189",110.31,0
"614",23.0629564335429-0i,"341",23.0629564335429,"    23.0629564",23.06,0
"615",35.789291609848-0i,"341",35.789291609848,"    35.7892916",35.79,0
"616",68.0960661680769+0i,"341",68.0960661680769,"    68.0960662",68.1,0
"617",108.610876265353+0.000000000001i,"341",108.610876265353,"   108.6108763",108.61,0
"618",101.297689905315-0.000000000001i,"341",101.297689905315,"   101.2976899",101.3,0
"619",12.7784351148043-0i,"2",12.7784351148043,"    12.7784351",12.78,0
"620",30.0946519417453-0i,"2",30.0946519417453,"    30.0946519",30.09,0
"621",39.590725586757+0i,"2",39.590725586757,"    39.5907256",39.59,0
"622",62.8457311434012-0i,"2",62.8457311434012,"    62.8457311",62.85,0
"623",102.220804818601-0i,"2",102.220804818601,"   102.2208048",102.22,0
"624",91.8355534955844+0i,"2",91.8355534955844,"    91.8355535",91.84,0
"625",11.0714902063555-0i,"28",11.0714902063555,"    11.0714902",11.07,0
"626",26.7925672077577+0.0000000000123i,"28",26.7925672077577,"    26.7925672",26.79,0
"627",43.5974577906188-0.0000000000434i,"28",43.5974577906188,"    43.5974578",43.6,0
"628",70.1472993040319+0.0000000000913i,"28",70.1472993040319,"    70.1472993",70.15,0
"629",110.364316711489+0.000000000292i,"28",110.364316711489,"   110.3643167",110.36,0
"630",101.367729125343-0.000000000305i,"28",101.367729125343,"   101.3677291",101.37,0
"631",11.5261951743162-0i,"73",11.5261951743162,"    11.5261952",11.53,0
"632",27.4025725751537+0i,"73",27.4025725751537,"    27.4025726",27.4,0
"633",43.4331801808878+0.0000000000004i,"73",43.4331801808878,"    43.4331802",43.43,0
"634",71.0051619803504-0.0000000000014i,"73",71.0051619803504,"    71.0051620",71.01,0
"635",101.732324649751+0.000000000004i,"73",101.732324649751,"   101.7323246",101.73,0
"636",113.911475122503-0.000000000004i,"73",113.911475122503,"   113.9114751",113.91,0
"637",12.7620052040722-0i,"156",12.7620052040722,"    12.7620052",12.76,0
"638",27.6933943802453+0i,"156",27.6933943802453,"    27.6933944",27.69,0
"639",45.3664665435-0i,"156",45.3664665435,"    45.3664665",45.37,0
"640",73.0843800840327+0i,"156",73.0843800840327,"    73.0843801",73.08,0
"641",107.628761185191+0.953439073621i,"156",107.628761185191,"   107.6287612",107.63,0.95
"642",107.62876118519-0.953439073613i,"156",107.62876118519,"   107.6287612",107.63,-0.95
"643",11.0374674505979-0i,"171",11.0374674505979,"    11.0374675",11.04,0
"644",27.5524927921314+0.0000000000295i,"171",27.5524927921314,"    27.5524928",27.55,0
"645",44.354914380254-0.0000000001338i,"171",44.354914380254,"    44.3549144",44.35,0
"646",65.0340709075978+0.000000000299i,"171",65.0340709075978,"    65.0340709",65.03,0
"647",85.9459363938555-0.0000000003118i,"171",85.9459363938555,"    85.9459364",85.95,0
"648",105.354874264434-0.000000000948i,"171",105.354874264434,"   105.3548743",105.35,0
"649",11.4915523229376-0i,"233",11.4915523229376,"    11.4915523",11.49,0
"650",26.5422166291998+0i,"233",26.5422166291998,"    26.5422166",26.54,0
"651",41.356183138658-0.0000000000107i,"233",41.356183138658,"    41.3561831",41.36,0
"652",68.0207899666491+0.0000000000657i,"233",68.0207899666491,"    68.0207900",68.02,0
"653",98.2491616272796-19.79518113425i,"233",98.2491616272796,"    98.2491616",98.25,-19.8
"654",98.249161627462+19.7951811345049i,"233",98.249161627462,"    98.2491616",98.25,19.8
"655",12.0556381033806-0i,"247",12.0556381033806,"    12.0556381",12.06,0
"656",28.2122695620765+0i,"247",28.2122695620765,"    28.2122696",28.21,0
"657",43.0112385273597-0i,"247",43.0112385273597,"    43.0112385",43.01,0
"658",69.3866111053637-0i,"247",69.3866111053637,"    69.3866111",69.39,0
"659",98.852160311401-0.0000000000001i,"247",98.852160311401,"    98.8521603",98.85,0
"660",112.963554505854+0i,"247",112.963554505854,"   112.9635545",112.96,0
"661",11.9840245050216-0i,"263",11.9840245050216,"    11.9840245",11.98,0
"662",26.9646968883333+0i,"263",26.9646968883333,"    26.9646969",26.96,0
"663",43.3388775070431-0i,"263",43.3388775070431,"    43.3388775",43.34,0
"664",69.8987534964072+0i,"263",69.8987534964072,"    69.8987535",69.9,0
"665",94.2765139695709-0.0000000009657i,"263",94.2765139695709,"    94.2765140",94.28,0
"666",105.138997636684+0.000000001532i,"263",105.138997636684,"   105.1389976",105.14,0
"667",12.6765693391602-0i,"296",12.6765693391602,"    12.6765693",12.68,0
"668",29.4078844442704+0i,"296",29.4078844442704,"    29.4078844",29.41,0
"669",44.755183072273-0i,"296",44.755183072273,"    44.7551831",44.76,0
"670",71.152907373043-0i,"296",71.152907373043,"    71.1529074",71.15,0
"671",96.2297881050191-0.0000000000001i,"296",96.2297881050191,"    96.2297881",96.23,0
"672",109.488624490181+0i,"296",109.488624490181,"   109.4886245",109.49,0
